peer_id,peer_to_id,ledger_seq,ledger_hash,raw_contents
4,3,2,1989916756cd91d5338c35eaff979bd713e9e90ed6fa451c85876726a96d2e77,[]
3,2,2,1989916756cd91d5338c35eaff979bd713e9e90ed6fa451c85876726a96d2e77,[]
0,4,2,1989916756cd91d5338c35eaff979bd713e9e90ed6fa451c85876726a96d2e77,[]
1,4,2,1989916756cd91d5338c35eaff979bd713e9e90ed6fa451c85876726a96d2e77,[]
2,4,2,1989916756cd91d5338c35eaff979bd713e9e90ed6fa451c85876726a96d2e77,[]
0,4,3,5f519ed934f466ee85de9964cd255cadd1a280813693d9c7537959047b8318ef,[]
1,4,3,5f519ed934f466ee85de9964cd255cadd1a280813693d9c7537959047b8318ef,[]
2,3,3,5f519ed934f466ee85de9964cd255cadd1a280813693d9c7537959047b8318ef,[]
4,3,3,5f519ed934f466ee85de9964cd255cadd1a280813693d9c7537959047b8318ef,[]
3,0,3,5f519ed934f466ee85de9964cd255cadd1a280813693d9c7537959047b8318ef,[]
0,3,4,e1cfe49a5a4616884bbe9d00642a038445f5550133ba6462117141ff5d92eb04,[]
1,3,4,e1cfe49a5a4616884bbe9d00642a038445f5550133ba6462117141ff5d92eb04,[]
2,3,4,e1cfe49a5a4616884bbe9d00642a038445f5550133ba6462117141ff5d92eb04,[]
4,1,4,e1cfe49a5a4616884bbe9d00642a038445f5550133ba6462117141ff5d92eb04,[]
3,4,4,e1cfe49a5a4616884bbe9d00642a038445f5550133ba6462117141ff5d92eb04,[]
0,2,5,fd15260f70d7c2e4eb2a2631f6a73e87eeb7e1a7f977384101b31a0c06100c40,['F19ED006B7ABB61BFCFDB6364A702FC68B443C964F41A8BDECD1EE05304CF3C8']
1,4,5,6fd901a05bf2ed7d7fc925c74f9b872127257e550e9135c03aca6983c159b9da,"['609EB81F497AAC0ED726B704A9CB0B69408CBB1C43C9BD46C60934A5F9BBE048', 'E8C01BDAEA1309F58CA6E0C2DA84DFE09844C914A02B21AEAFF565F52B7C3F3F', 'F19ED006B7ABB61BFCFDB6364A702FC68B443C964F41A8BDECD1EE05304CF3C8']"
2,0,5,fd15260f70d7c2e4eb2a2631f6a73e87eeb7e1a7f977384101b31a0c06100c40,['F19ED006B7ABB61BFCFDB6364A702FC68B443C964F41A8BDECD1EE05304CF3C8']
3,1,5,6fd901a05bf2ed7d7fc925c74f9b872127257e550e9135c03aca6983c159b9da,"['609EB81F497AAC0ED726B704A9CB0B69408CBB1C43C9BD46C60934A5F9BBE048', 'E8C01BDAEA1309F58CA6E0C2DA84DFE09844C914A02B21AEAFF565F52B7C3F3F', 'F19ED006B7ABB61BFCFDB6364A702FC68B443C964F41A8BDECD1EE05304CF3C8']"
4,2,5,6fd901a05bf2ed7d7fc925c74f9b872127257e550e9135c03aca6983c159b9da,"['609EB81F497AAC0ED726B704A9CB0B69408CBB1C43C9BD46C60934A5F9BBE048', 'E8C01BDAEA1309F58CA6E0C2DA84DFE09844C914A02B21AEAFF565F52B7C3F3F', 'F19ED006B7ABB61BFCFDB6364A702FC68B443C964F41A8BDECD1EE05304CF3C8']"
0,4,6,bebe76fcbd65ecd1a27ce213f62859a7492008d477c8a5ff2493ecfcf6251686,"['609EB81F497AAC0ED726B704A9CB0B69408CBB1C43C9BD46C60934A5F9BBE048', 'E8C01BDAEA1309F58CA6E0C2DA84DFE09844C914A02B21AEAFF565F52B7C3F3F']"
2,4,6,bebe76fcbd65ecd1a27ce213f62859a7492008d477c8a5ff2493ecfcf6251686,"['609EB81F497AAC0ED726B704A9CB0B69408CBB1C43C9BD46C60934A5F9BBE048', 'E8C01BDAEA1309F58CA6E0C2DA84DFE09844C914A02B21AEAFF565F52B7C3F3F']"
1,4,6,ae6a0cce7e8797023cc86cc84b0cae5d939063e882dda1b383886a4ee5d110d2,[]
3,4,6,ae6a0cce7e8797023cc86cc84b0cae5d939063e882dda1b383886a4ee5d110d2,[]
2,4,7,00728d490eb7ab1aff67d4fa672522395d09a8ed8668fbc6e2597ec52a4e9299,[]
0,4,7,00728d490eb7ab1aff67d4fa672522395d09a8ed8668fbc6e2597ec52a4e9299,[]
4,3,6,ae6a0cce7e8797023cc86cc84b0cae5d939063e882dda1b383886a4ee5d110d2,[]
2,3,8,c8ef76100f98a12c10153c06071e1fcbc08c4b3bbb1a91c6f5243873773cba20,['F021366550126BD248527BB911CCCE73A645802B1A5042721B123FB3E06478BD']
0,3,8,6af26213eee38aa35ea7169e80678ad32a2679aa741aaef36d63df8c069bacfd,['1B521CD646E429931D7856C66844DACAA1C69EEA4A17FF3881D5DDFF2CECEBBF']
2,0,9,dc1e9a0126efd9de787bb1b0bef71fa8056d77e56730c037cabc8687bfc4a22c,[]
0,4,9,0dd0731368624c816f378c8073fcf25c6772ddf9896b8a914d6966e29dbe6d4f,[]
4,3,7,2e0a73a17e7e051ef95e1ce7d217de6499d9cd47193ba43352f8da49e83cb18c,['EFD976339C2B16C5F951BC69F7D6EC36320E28479B366C4CD8438984725D0FCB']
3,2,7,d98f91633409bdea99602d41dafb1ea63d85e2b36cac3b2987d889891dc63257,['8DC6608E5B0E0DDEA9AF6CC4B0D11CABAA3613C1B946F9975E04E140C91B52FC']
1,4,7,2e0a73a17e7e051ef95e1ce7d217de6499d9cd47193ba43352f8da49e83cb18c,['EFD976339C2B16C5F951BC69F7D6EC36320E28479B366C4CD8438984725D0FCB']
2,3,10,0dc4c5b52b921913ab51e3d209ccd411fd125e5b3330f785ad7af2926263cb1b,[]
0,4,10,85e81ecb95614963142e75daf454c645101a9c305e0c1f6098edfcbb549fe0a4,[]
4,1,8,ad74e321484a9aa7c75902de73d96aaa1709743fef83a3e810d8545c3eb2a984,[]
3,4,8,791b8568d0f94111f56d3c715190ec0124628d91f76a06e06b91ff82234e00f3,[]
1,4,8,ad74e321484a9aa7c75902de73d96aaa1709743fef83a3e810d8545c3eb2a984,[]
2,3,11,5c44536f5b91e152520c6eefa65e395a9e86aa6ab356c529f90c33202aa90485,[]
0,4,11,52e63ade0fcabe4289e5287520c2753f1c08bb452bed25462b53f98abb6f62e3,[]
4,3,9,113f06f69cf6ef02fc60be812f4a997c2c65f00a6de1c0e7ca04369c893412de,[]
3,2,9,7f1902af330a598d90c0ecaed5a9766800f739b897d7593854335529151ee2e4,[]
1,3,9,113f06f69cf6ef02fc60be812f4a997c2c65f00a6de1c0e7ca04369c893412de,[]
2,3,12,3b2b20b54da03548b5aafd867cdebfc27ffe10c631423a13602b4b212f4bc6f4,[]
0,3,12,25d7a2ae18c1ec2b63fe49fd76a13ae5f0942d8df6bb46c5de90862765a06619,[]
2,3,13,50cdc9fe4a32f21f817cc49bc3c5b9037e3e36ebece82973b83738ccbe15a211,[]
4,1,10,b3d4a0611a88d08066ffe8a2106387b88694339816dfb2aaf7c39dfb9f4f46a9,[]
3,2,10,fbd6803de67f8225af26c38a89a44d5b9c6905dd4c224b4f0e6a2f961935181e,[]
0,4,13,78b7b0e945b93aae53ba92bca4e2be4c2520c08a7cbd2efb98e1122562359481,[]
1,3,10,b3d4a0611a88d08066ffe8a2106387b88694339816dfb2aaf7c39dfb9f4f46a9,[]
2,3,14,46f50bd77e3338473a2ef86fb8c6918171012188a417f40aa29dd06a4c580f4d,[]
0,3,14,7fa016edbf4a3e1ccedeb9640ccc58c8faa0c9b3c80b088993bb0308618603a0,[]
4,2,11,53f345495120d82d6f783f6b090c8adf6c3acb04dffa3f9a8706171d80ae4349,[]
3,4,11,7de01519d21dac16bc2ce090097e55a7c7f677fe189da61660dc2c4df6e5d14b,[]
1,2,11,53f345495120d82d6f783f6b090c8adf6c3acb04dffa3f9a8706171d80ae4349,[]
2,4,15,a2a33a8b17e754b07ee8c8dbaea3f078daf6cfbf1f335c68e5ca8be3595cd49c,[]
0,3,15,61630399ef36eb9336d7a7ea0e8cd01ec1439d7774bfc68efc2801fb5b5ab459,[]
4,2,12,6e843e6eeef6466a971ad9c3cbe9953f49d54db0a9ff0dc479eeab79199a5ee3,[]
3,2,12,4182ff69c32b67407aabb2ba2686a31f7191c92976b804b01464e9bd2cea4935,[]
1,3,12,6e843e6eeef6466a971ad9c3cbe9953f49d54db0a9ff0dc479eeab79199a5ee3,[]
2,4,16,e8c4596ffee5b0c890f826c8a1e8ccc7bea7f28f82fe82d7116db395c6066af4,[]
0,4,16,5f317c9a73f24bcd673c1fdb67f986c9521c9a9445dce1bfcb04f1670431c01b,[]
4,3,13,9725923ccfe413cb38a860c8f5306119f011d27505ddcc7f75bddd876ec4af99,[]
3,4,13,6179faa86e2a643720ccbab15ddde4b4435234ee343ac3872fd4e8a4f4723d45,[]
1,0,13,9725923ccfe413cb38a860c8f5306119f011d27505ddcc7f75bddd876ec4af99,[]
2,4,17,65d5639afe1d91016afb76b78c6c2f483ccebc5d3b3935616f56df762364e5d7,[]
0,4,17,d65a1590d3a053f077c5016efd0ec68d0e828d35406239d747ac4a73a103bf1b,[]
2,3,18,f66a9aa7e9d1edbacf21a347a72718f1ad0b0e89f57f9237b17c208ac9da435b,[]
4,3,14,72220990055b650a89b7520f395baf98c6b6f3d8ff91eb281996323849e44952,[]
3,4,14,4ccb3293c2714c8f2929827a2213aaa5a9bc6a70b6595b037a6677d30ed0267d,[]
0,3,18,b28a5a9138f8c818d6ef507c9b710b5e45121ee1e8b72de6cfcb3572f23bfff4,[]
1,4,14,72220990055b650a89b7520f395baf98c6b6f3d8ff91eb281996323849e44952,[]
2,4,19,ff7753495bf5e4d09045330bd4e6029e56494c65ae05f75dd2255aaab6f67eff,[]
0,1,19,1fdb9e781f134e5d412fbc9e42a4c84394212d4f42f7d2d4b41ccd104cb721e6,[]
4,2,19,ff7753495bf5e4d09045330bd4e6029e56494c65ae05f75dd2255aaab6f67eff,[]
3,4,19,ff7753495bf5e4d09045330bd4e6029e56494c65ae05f75dd2255aaab6f67eff,[]
1,3,19,ff7753495bf5e4d09045330bd4e6029e56494c65ae05f75dd2255aaab6f67eff,[]
4,2,20,90c52a6d4ebd01a919b89b7ea5e7447c29cc03ed4b4b043b7eb1501173eb9f29,[]
3,4,20,90c52a6d4ebd01a919b89b7ea5e7447c29cc03ed4b4b043b7eb1501173eb9f29,[]
0,1,20,90c52a6d4ebd01a919b89b7ea5e7447c29cc03ed4b4b043b7eb1501173eb9f29,[]
1,4,20,90c52a6d4ebd01a919b89b7ea5e7447c29cc03ed4b4b043b7eb1501173eb9f29,[]
2,1,20,90c52a6d4ebd01a919b89b7ea5e7447c29cc03ed4b4b043b7eb1501173eb9f29,[]
