ledger_seq,peer_id,validated,ledger_hash,transactions
1,0,True,2D7DE9661AADBCDC6DD6630F0C616F5BE29803A5A5DC31486DD65E0F6A79DDB1,[]
1,1,True,2D7DE9661AADBCDC6DD6630F0C616F5BE29803A5A5DC31486DD65E0F6A79DDB1,[]
1,2,True,2D7DE9661AADBCDC6DD6630F0C616F5BE29803A5A5DC31486DD65E0F6A79DDB1,[]
1,3,True,2D7DE9661AADBCDC6DD6630F0C616F5BE29803A5A5DC31486DD65E0F6A79DDB1,[]
1,4,True,2D7DE9661AADBCDC6DD6630F0C616F5BE29803A5A5DC31486DD65E0F6A79DDB1,[]
2,0,True,2E65DF353CA53B2E2699EC9BB23A13506F8DE14AB8A79689527F3F91F3B29016,[]
2,1,True,2E65DF353CA53B2E2699EC9BB23A13506F8DE14AB8A79689527F3F91F3B29016,[]
2,2,True,2E65DF353CA53B2E2699EC9BB23A13506F8DE14AB8A79689527F3F91F3B29016,[]
2,3,True,2E65DF353CA53B2E2699EC9BB23A13506F8DE14AB8A79689527F3F91F3B29016,[]
2,4,True,2E65DF353CA53B2E2699EC9BB23A13506F8DE14AB8A79689527F3F91F3B29016,[]
3,0,True,F36E8B2F45910AE3EEB8FF63FCC283B8D2FF46242C6FC4F0650D6BDB1FB87FD6,[]
3,1,True,F36E8B2F45910AE3EEB8FF63FCC283B8D2FF46242C6FC4F0650D6BDB1FB87FD6,[]
3,2,True,F36E8B2F45910AE3EEB8FF63FCC283B8D2FF46242C6FC4F0650D6BDB1FB87FD6,[]
3,3,True,F36E8B2F45910AE3EEB8FF63FCC283B8D2FF46242C6FC4F0650D6BDB1FB87FD6,[]
3,4,True,F36E8B2F45910AE3EEB8FF63FCC283B8D2FF46242C6FC4F0650D6BDB1FB87FD6,[]
4,0,True,7A85AAACCB7FCFE7D856B88FA5F67132A2AACA6A1DAAD4A37DE4B103A35188D8,[]
4,1,True,7A85AAACCB7FCFE7D856B88FA5F67132A2AACA6A1DAAD4A37DE4B103A35188D8,[]
4,2,True,7A85AAACCB7FCFE7D856B88FA5F67132A2AACA6A1DAAD4A37DE4B103A35188D8,[]
4,3,True,7A85AAACCB7FCFE7D856B88FA5F67132A2AACA6A1DAAD4A37DE4B103A35188D8,[]
4,4,True,7A85AAACCB7FCFE7D856B88FA5F67132A2AACA6A1DAAD4A37DE4B103A35188D8,[]
5,0,True,3BE78F3C70DDCD8DADFF1D5EC565E49A94201FB45DD08F0F6F539CB9A803E77B,"['66635D3991D9794A8EB8FABE4F8B0B27F2F4C982ED841742151E981AD108F5CF', '8CE2CF639539E4D2BDA573BE896C1A53D63CE16D58C92C81803FB9A2963BF3C3', 'D2F81F590F771ED8AFBE3FFAF2CFF4F341AAA7E6CF06FCBC4A7901BDD86CB73A']"
5,1,True,3BE78F3C70DDCD8DADFF1D5EC565E49A94201FB45DD08F0F6F539CB9A803E77B,"['66635D3991D9794A8EB8FABE4F8B0B27F2F4C982ED841742151E981AD108F5CF', '8CE2CF639539E4D2BDA573BE896C1A53D63CE16D58C92C81803FB9A2963BF3C3', 'D2F81F590F771ED8AFBE3FFAF2CFF4F341AAA7E6CF06FCBC4A7901BDD86CB73A']"
5,2,False,"Response(status=<ResponseStatus.ERROR: 'error'>, result={'error': 'lgrNotFound', 'error_code': 21, 'error_message': 'ledgerNotFound', 'request': {'accounts': False, 'binary': False, 'command': 'ledger', 'expand': False, 'full': False, 'ledger_index': 5, 'owner_funds': False, 'queue': False, 'transactions': True}}, id=None, type=<ResponseType.RESPONSE: 'response'>)",
5,3,False,"Response(status=<ResponseStatus.ERROR: 'error'>, result={'error': 'lgrNotFound', 'error_code': 21, 'error_message': 'ledgerNotFound', 'request': {'accounts': False, 'binary': False, 'command': 'ledger', 'expand': False, 'full': False, 'ledger_index': 5, 'owner_funds': False, 'queue': False, 'transactions': True}}, id=None, type=<ResponseType.RESPONSE: 'response'>)",
5,4,True,3BE78F3C70DDCD8DADFF1D5EC565E49A94201FB45DD08F0F6F539CB9A803E77B,"['66635D3991D9794A8EB8FABE4F8B0B27F2F4C982ED841742151E981AD108F5CF', '8CE2CF639539E4D2BDA573BE896C1A53D63CE16D58C92C81803FB9A2963BF3C3', 'D2F81F590F771ED8AFBE3FFAF2CFF4F341AAA7E6CF06FCBC4A7901BDD86CB73A']"
6,0,True,ABBB63EADACA2BB688EEC30066B0AF7C81019297D8DCB8BD71335683257DDC29,[]
6,1,True,ABBB63EADACA2BB688EEC30066B0AF7C81019297D8DCB8BD71335683257DDC29,[]
6,2,True,ABBB63EADACA2BB688EEC30066B0AF7C81019297D8DCB8BD71335683257DDC29,[]
6,3,True,ABBB63EADACA2BB688EEC30066B0AF7C81019297D8DCB8BD71335683257DDC29,[]
6,4,True,ABBB63EADACA2BB688EEC30066B0AF7C81019297D8DCB8BD71335683257DDC29,[]
7,0,True,89F316D6D2A347F0E6B25848A97484EFD04492C72709C2ED92642F7457BD8280,"['85AF58E87810FE5C3E68C6F748228FF0839CA5256D479F51A2118F74F3F0692D', '9FCE932D6023D4AB997A4368915D1251E7F29AC761442301EE2EA25C38F9EEBB']"
7,1,True,687437E07FFEF1D27ED719FF5BA1ADC0A4846B5AE38AC239EC99DD40F6555970,"['9FCE932D6023D4AB997A4368915D1251E7F29AC761442301EE2EA25C38F9EEBB', 'AAFC2AB5D2278EC34DCA486604A96DE66E840B0D08F9DFAE3677A2020B89BB72']"
7,2,True,687437E07FFEF1D27ED719FF5BA1ADC0A4846B5AE38AC239EC99DD40F6555970,"['9FCE932D6023D4AB997A4368915D1251E7F29AC761442301EE2EA25C38F9EEBB', 'AAFC2AB5D2278EC34DCA486604A96DE66E840B0D08F9DFAE3677A2020B89BB72']"
7,3,True,89F316D6D2A347F0E6B25848A97484EFD04492C72709C2ED92642F7457BD8280,"['85AF58E87810FE5C3E68C6F748228FF0839CA5256D479F51A2118F74F3F0692D', '9FCE932D6023D4AB997A4368915D1251E7F29AC761442301EE2EA25C38F9EEBB']"
7,4,True,687437E07FFEF1D27ED719FF5BA1ADC0A4846B5AE38AC239EC99DD40F6555970,"['9FCE932D6023D4AB997A4368915D1251E7F29AC761442301EE2EA25C38F9EEBB', 'AAFC2AB5D2278EC34DCA486604A96DE66E840B0D08F9DFAE3677A2020B89BB72']"
8,0,False,"Response(status=<ResponseStatus.ERROR: 'error'>, result={'error': 'lgrNotFound', 'error_code': 21, 'error_message': 'ledgerNotFound', 'request': {'accounts': False, 'binary': False, 'command': 'ledger', 'expand': False, 'full': False, 'ledger_index': 8, 'owner_funds': False, 'queue': False, 'transactions': True}}, id=None, type=<ResponseType.RESPONSE: 'response'>)",
8,1,False,"Response(status=<ResponseStatus.ERROR: 'error'>, result={'error': 'lgrNotFound', 'error_code': 21, 'error_message': 'ledgerNotFound', 'request': {'accounts': False, 'binary': False, 'command': 'ledger', 'expand': False, 'full': False, 'ledger_index': 8, 'owner_funds': False, 'queue': False, 'transactions': True}}, id=None, type=<ResponseType.RESPONSE: 'response'>)",
8,2,False,"Response(status=<ResponseStatus.ERROR: 'error'>, result={'error': 'lgrNotFound', 'error_code': 21, 'error_message': 'ledgerNotFound', 'request': {'accounts': False, 'binary': False, 'command': 'ledger', 'expand': False, 'full': False, 'ledger_index': 8, 'owner_funds': False, 'queue': False, 'transactions': True}}, id=None, type=<ResponseType.RESPONSE: 'response'>)",
8,3,False,"Response(status=<ResponseStatus.ERROR: 'error'>, result={'error': 'lgrNotFound', 'error_code': 21, 'error_message': 'ledgerNotFound', 'request': {'accounts': False, 'binary': False, 'command': 'ledger', 'expand': False, 'full': False, 'ledger_index': 8, 'owner_funds': False, 'queue': False, 'transactions': True}}, id=None, type=<ResponseType.RESPONSE: 'response'>)",
8,4,False,"Response(status=<ResponseStatus.ERROR: 'error'>, result={'error': 'lgrNotFound', 'error_code': 21, 'error_message': 'ledgerNotFound', 'request': {'accounts': False, 'binary': False, 'command': 'ledger', 'expand': False, 'full': False, 'ledger_index': 8, 'owner_funds': False, 'queue': False, 'transactions': True}}, id=None, type=<ResponseType.RESPONSE: 'response'>)",
9,0,False,"Response(status=<ResponseStatus.ERROR: 'error'>, result={'error': 'lgrNotFound', 'error_code': 21, 'error_message': 'ledgerNotFound', 'request': {'accounts': False, 'binary': False, 'command': 'ledger', 'expand': False, 'full': False, 'ledger_index': 9, 'owner_funds': False, 'queue': False, 'transactions': True}}, id=None, type=<ResponseType.RESPONSE: 'response'>)",
9,1,False,"Response(status=<ResponseStatus.ERROR: 'error'>, result={'error': 'lgrNotFound', 'error_code': 21, 'error_message': 'ledgerNotFound', 'request': {'accounts': False, 'binary': False, 'command': 'ledger', 'expand': False, 'full': False, 'ledger_index': 9, 'owner_funds': False, 'queue': False, 'transactions': True}}, id=None, type=<ResponseType.RESPONSE: 'response'>)",
9,2,False,"Response(status=<ResponseStatus.ERROR: 'error'>, result={'error': 'lgrNotFound', 'error_code': 21, 'error_message': 'ledgerNotFound', 'request': {'accounts': False, 'binary': False, 'command': 'ledger', 'expand': False, 'full': False, 'ledger_index': 9, 'owner_funds': False, 'queue': False, 'transactions': True}}, id=None, type=<ResponseType.RESPONSE: 'response'>)",
9,3,False,"Response(status=<ResponseStatus.ERROR: 'error'>, result={'error': 'lgrNotFound', 'error_code': 21, 'error_message': 'ledgerNotFound', 'request': {'accounts': False, 'binary': False, 'command': 'ledger', 'expand': False, 'full': False, 'ledger_index': 9, 'owner_funds': False, 'queue': False, 'transactions': True}}, id=None, type=<ResponseType.RESPONSE: 'response'>)",
9,4,False,"Response(status=<ResponseStatus.ERROR: 'error'>, result={'error': 'lgrNotFound', 'error_code': 21, 'error_message': 'ledgerNotFound', 'request': {'accounts': False, 'binary': False, 'command': 'ledger', 'expand': False, 'full': False, 'ledger_index': 9, 'owner_funds': False, 'queue': False, 'transactions': True}}, id=None, type=<ResponseType.RESPONSE: 'response'>)",
10,0,False,"Response(status=<ResponseStatus.ERROR: 'error'>, result={'error': 'lgrNotFound', 'error_code': 21, 'error_message': 'ledgerNotFound', 'request': {'accounts': False, 'binary': False, 'command': 'ledger', 'expand': False, 'full': False, 'ledger_index': 10, 'owner_funds': False, 'queue': False, 'transactions': True}}, id=None, type=<ResponseType.RESPONSE: 'response'>)",
10,1,False,"Response(status=<ResponseStatus.ERROR: 'error'>, result={'error': 'lgrNotFound', 'error_code': 21, 'error_message': 'ledgerNotFound', 'request': {'accounts': False, 'binary': False, 'command': 'ledger', 'expand': False, 'full': False, 'ledger_index': 10, 'owner_funds': False, 'queue': False, 'transactions': True}}, id=None, type=<ResponseType.RESPONSE: 'response'>)",
10,2,False,"Response(status=<ResponseStatus.ERROR: 'error'>, result={'error': 'lgrNotFound', 'error_code': 21, 'error_message': 'ledgerNotFound', 'request': {'accounts': False, 'binary': False, 'command': 'ledger', 'expand': False, 'full': False, 'ledger_index': 10, 'owner_funds': False, 'queue': False, 'transactions': True}}, id=None, type=<ResponseType.RESPONSE: 'response'>)",
10,3,False,"Response(status=<ResponseStatus.ERROR: 'error'>, result={'error': 'lgrNotFound', 'error_code': 21, 'error_message': 'ledgerNotFound', 'request': {'accounts': False, 'binary': False, 'command': 'ledger', 'expand': False, 'full': False, 'ledger_index': 10, 'owner_funds': False, 'queue': False, 'transactions': True}}, id=None, type=<ResponseType.RESPONSE: 'response'>)",
10,4,False,"Response(status=<ResponseStatus.ERROR: 'error'>, result={'error': 'lgrNotFound', 'error_code': 21, 'error_message': 'ledgerNotFound', 'request': {'accounts': False, 'binary': False, 'command': 'ledger', 'expand': False, 'full': False, 'ledger_index': 10, 'owner_funds': False, 'queue': False, 'transactions': True}}, id=None, type=<ResponseType.RESPONSE: 'response'>)",
11,0,False,"Response(status=<ResponseStatus.ERROR: 'error'>, result={'error': 'lgrNotFound', 'error_code': 21, 'error_message': 'ledgerNotFound', 'request': {'accounts': False, 'binary': False, 'command': 'ledger', 'expand': False, 'full': False, 'ledger_index': 11, 'owner_funds': False, 'queue': False, 'transactions': True}}, id=None, type=<ResponseType.RESPONSE: 'response'>)",
11,1,False,"Response(status=<ResponseStatus.ERROR: 'error'>, result={'error': 'lgrNotFound', 'error_code': 21, 'error_message': 'ledgerNotFound', 'request': {'accounts': False, 'binary': False, 'command': 'ledger', 'expand': False, 'full': False, 'ledger_index': 11, 'owner_funds': False, 'queue': False, 'transactions': True}}, id=None, type=<ResponseType.RESPONSE: 'response'>)",
11,2,False,"Response(status=<ResponseStatus.ERROR: 'error'>, result={'error': 'lgrNotFound', 'error_code': 21, 'error_message': 'ledgerNotFound', 'request': {'accounts': False, 'binary': False, 'command': 'ledger', 'expand': False, 'full': False, 'ledger_index': 11, 'owner_funds': False, 'queue': False, 'transactions': True}}, id=None, type=<ResponseType.RESPONSE: 'response'>)",
11,3,False,"Response(status=<ResponseStatus.ERROR: 'error'>, result={'error': 'lgrNotFound', 'error_code': 21, 'error_message': 'ledgerNotFound', 'request': {'accounts': False, 'binary': False, 'command': 'ledger', 'expand': False, 'full': False, 'ledger_index': 11, 'owner_funds': False, 'queue': False, 'transactions': True}}, id=None, type=<ResponseType.RESPONSE: 'response'>)",
11,4,False,"Response(status=<ResponseStatus.ERROR: 'error'>, result={'error': 'lgrNotFound', 'error_code': 21, 'error_message': 'ledgerNotFound', 'request': {'accounts': False, 'binary': False, 'command': 'ledger', 'expand': False, 'full': False, 'ledger_index': 11, 'owner_funds': False, 'queue': False, 'transactions': True}}, id=None, type=<ResponseType.RESPONSE: 'response'>)",
12,0,False,"Response(status=<ResponseStatus.ERROR: 'error'>, result={'error': 'lgrNotFound', 'error_code': 21, 'error_message': 'ledgerNotFound', 'request': {'accounts': False, 'binary': False, 'command': 'ledger', 'expand': False, 'full': False, 'ledger_index': 12, 'owner_funds': False, 'queue': False, 'transactions': True}}, id=None, type=<ResponseType.RESPONSE: 'response'>)",
12,1,False,"Response(status=<ResponseStatus.ERROR: 'error'>, result={'error': 'lgrNotFound', 'error_code': 21, 'error_message': 'ledgerNotFound', 'request': {'accounts': False, 'binary': False, 'command': 'ledger', 'expand': False, 'full': False, 'ledger_index': 12, 'owner_funds': False, 'queue': False, 'transactions': True}}, id=None, type=<ResponseType.RESPONSE: 'response'>)",
12,2,False,"Response(status=<ResponseStatus.ERROR: 'error'>, result={'error': 'lgrNotFound', 'error_code': 21, 'error_message': 'ledgerNotFound', 'request': {'accounts': False, 'binary': False, 'command': 'ledger', 'expand': False, 'full': False, 'ledger_index': 12, 'owner_funds': False, 'queue': False, 'transactions': True}}, id=None, type=<ResponseType.RESPONSE: 'response'>)",
12,3,False,"Response(status=<ResponseStatus.ERROR: 'error'>, result={'error': 'lgrNotFound', 'error_code': 21, 'error_message': 'ledgerNotFound', 'request': {'accounts': False, 'binary': False, 'command': 'ledger', 'expand': False, 'full': False, 'ledger_index': 12, 'owner_funds': False, 'queue': False, 'transactions': True}}, id=None, type=<ResponseType.RESPONSE: 'response'>)",
12,4,False,"Response(status=<ResponseStatus.ERROR: 'error'>, result={'error': 'lgrNotFound', 'error_code': 21, 'error_message': 'ledgerNotFound', 'request': {'accounts': False, 'binary': False, 'command': 'ledger', 'expand': False, 'full': False, 'ledger_index': 12, 'owner_funds': False, 'queue': False, 'transactions': True}}, id=None, type=<ResponseType.RESPONSE: 'response'>)",
13,0,False,"Response(status=<ResponseStatus.ERROR: 'error'>, result={'error': 'lgrNotFound', 'error_code': 21, 'error_message': 'ledgerNotFound', 'request': {'accounts': False, 'binary': False, 'command': 'ledger', 'expand': False, 'full': False, 'ledger_index': 13, 'owner_funds': False, 'queue': False, 'transactions': True}}, id=None, type=<ResponseType.RESPONSE: 'response'>)",
13,1,False,"Response(status=<ResponseStatus.ERROR: 'error'>, result={'error': 'lgrNotFound', 'error_code': 21, 'error_message': 'ledgerNotFound', 'request': {'accounts': False, 'binary': False, 'command': 'ledger', 'expand': False, 'full': False, 'ledger_index': 13, 'owner_funds': False, 'queue': False, 'transactions': True}}, id=None, type=<ResponseType.RESPONSE: 'response'>)",
13,2,False,"Response(status=<ResponseStatus.ERROR: 'error'>, result={'error': 'lgrNotFound', 'error_code': 21, 'error_message': 'ledgerNotFound', 'request': {'accounts': False, 'binary': False, 'command': 'ledger', 'expand': False, 'full': False, 'ledger_index': 13, 'owner_funds': False, 'queue': False, 'transactions': True}}, id=None, type=<ResponseType.RESPONSE: 'response'>)",
13,3,False,"Response(status=<ResponseStatus.ERROR: 'error'>, result={'error': 'lgrNotFound', 'error_code': 21, 'error_message': 'ledgerNotFound', 'request': {'accounts': False, 'binary': False, 'command': 'ledger', 'expand': False, 'full': False, 'ledger_index': 13, 'owner_funds': False, 'queue': False, 'transactions': True}}, id=None, type=<ResponseType.RESPONSE: 'response'>)",
13,4,False,"Response(status=<ResponseStatus.ERROR: 'error'>, result={'error': 'lgrNotFound', 'error_code': 21, 'error_message': 'ledgerNotFound', 'request': {'accounts': False, 'binary': False, 'command': 'ledger', 'expand': False, 'full': False, 'ledger_index': 13, 'owner_funds': False, 'queue': False, 'transactions': True}}, id=None, type=<ResponseType.RESPONSE: 'response'>)",
14,0,False,"Response(status=<ResponseStatus.ERROR: 'error'>, result={'error': 'lgrNotFound', 'error_code': 21, 'error_message': 'ledgerNotFound', 'request': {'accounts': False, 'binary': False, 'command': 'ledger', 'expand': False, 'full': False, 'ledger_index': 14, 'owner_funds': False, 'queue': False, 'transactions': True}}, id=None, type=<ResponseType.RESPONSE: 'response'>)",
14,1,False,"Response(status=<ResponseStatus.ERROR: 'error'>, result={'error': 'lgrNotFound', 'error_code': 21, 'error_message': 'ledgerNotFound', 'request': {'accounts': False, 'binary': False, 'command': 'ledger', 'expand': False, 'full': False, 'ledger_index': 14, 'owner_funds': False, 'queue': False, 'transactions': True}}, id=None, type=<ResponseType.RESPONSE: 'response'>)",
14,2,False,"Response(status=<ResponseStatus.ERROR: 'error'>, result={'error': 'lgrNotFound', 'error_code': 21, 'error_message': 'ledgerNotFound', 'request': {'accounts': False, 'binary': False, 'command': 'ledger', 'expand': False, 'full': False, 'ledger_index': 14, 'owner_funds': False, 'queue': False, 'transactions': True}}, id=None, type=<ResponseType.RESPONSE: 'response'>)",
14,3,False,"Response(status=<ResponseStatus.ERROR: 'error'>, result={'error': 'lgrNotFound', 'error_code': 21, 'error_message': 'ledgerNotFound', 'request': {'accounts': False, 'binary': False, 'command': 'ledger', 'expand': False, 'full': False, 'ledger_index': 14, 'owner_funds': False, 'queue': False, 'transactions': True}}, id=None, type=<ResponseType.RESPONSE: 'response'>)",
14,4,False,"Response(status=<ResponseStatus.ERROR: 'error'>, result={'error': 'lgrNotFound', 'error_code': 21, 'error_message': 'ledgerNotFound', 'request': {'accounts': False, 'binary': False, 'command': 'ledger', 'expand': False, 'full': False, 'ledger_index': 14, 'owner_funds': False, 'queue': False, 'transactions': True}}, id=None, type=<ResponseType.RESPONSE: 'response'>)",
15,0,False,"Response(status=<ResponseStatus.ERROR: 'error'>, result={'error': 'lgrNotFound', 'error_code': 21, 'error_message': 'ledgerNotFound', 'request': {'accounts': False, 'binary': False, 'command': 'ledger', 'expand': False, 'full': False, 'ledger_index': 15, 'owner_funds': False, 'queue': False, 'transactions': True}}, id=None, type=<ResponseType.RESPONSE: 'response'>)",
15,1,False,"Response(status=<ResponseStatus.ERROR: 'error'>, result={'error': 'lgrNotFound', 'error_code': 21, 'error_message': 'ledgerNotFound', 'request': {'accounts': False, 'binary': False, 'command': 'ledger', 'expand': False, 'full': False, 'ledger_index': 15, 'owner_funds': False, 'queue': False, 'transactions': True}}, id=None, type=<ResponseType.RESPONSE: 'response'>)",
15,2,False,"Response(status=<ResponseStatus.ERROR: 'error'>, result={'error': 'lgrNotFound', 'error_code': 21, 'error_message': 'ledgerNotFound', 'request': {'accounts': False, 'binary': False, 'command': 'ledger', 'expand': False, 'full': False, 'ledger_index': 15, 'owner_funds': False, 'queue': False, 'transactions': True}}, id=None, type=<ResponseType.RESPONSE: 'response'>)",
15,3,False,"Response(status=<ResponseStatus.ERROR: 'error'>, result={'error': 'lgrNotFound', 'error_code': 21, 'error_message': 'ledgerNotFound', 'request': {'accounts': False, 'binary': False, 'command': 'ledger', 'expand': False, 'full': False, 'ledger_index': 15, 'owner_funds': False, 'queue': False, 'transactions': True}}, id=None, type=<ResponseType.RESPONSE: 'response'>)",
15,4,False,"Response(status=<ResponseStatus.ERROR: 'error'>, result={'error': 'lgrNotFound', 'error_code': 21, 'error_message': 'ledgerNotFound', 'request': {'accounts': False, 'binary': False, 'command': 'ledger', 'expand': False, 'full': False, 'ledger_index': 15, 'owner_funds': False, 'queue': False, 'transactions': True}}, id=None, type=<ResponseType.RESPONSE: 'response'>)",
16,0,False,"Response(status=<ResponseStatus.ERROR: 'error'>, result={'error': 'lgrNotFound', 'error_code': 21, 'error_message': 'ledgerNotFound', 'request': {'accounts': False, 'binary': False, 'command': 'ledger', 'expand': False, 'full': False, 'ledger_index': 16, 'owner_funds': False, 'queue': False, 'transactions': True}}, id=None, type=<ResponseType.RESPONSE: 'response'>)",
16,1,False,"Response(status=<ResponseStatus.ERROR: 'error'>, result={'error': 'lgrNotFound', 'error_code': 21, 'error_message': 'ledgerNotFound', 'request': {'accounts': False, 'binary': False, 'command': 'ledger', 'expand': False, 'full': False, 'ledger_index': 16, 'owner_funds': False, 'queue': False, 'transactions': True}}, id=None, type=<ResponseType.RESPONSE: 'response'>)",
16,2,False,"Response(status=<ResponseStatus.ERROR: 'error'>, result={'error': 'lgrNotFound', 'error_code': 21, 'error_message': 'ledgerNotFound', 'request': {'accounts': False, 'binary': False, 'command': 'ledger', 'expand': False, 'full': False, 'ledger_index': 16, 'owner_funds': False, 'queue': False, 'transactions': True}}, id=None, type=<ResponseType.RESPONSE: 'response'>)",
16,3,False,"Response(status=<ResponseStatus.ERROR: 'error'>, result={'error': 'lgrNotFound', 'error_code': 21, 'error_message': 'ledgerNotFound', 'request': {'accounts': False, 'binary': False, 'command': 'ledger', 'expand': False, 'full': False, 'ledger_index': 16, 'owner_funds': False, 'queue': False, 'transactions': True}}, id=None, type=<ResponseType.RESPONSE: 'response'>)",
16,4,False,"Response(status=<ResponseStatus.ERROR: 'error'>, result={'error': 'lgrNotFound', 'error_code': 21, 'error_message': 'ledgerNotFound', 'request': {'accounts': False, 'binary': False, 'command': 'ledger', 'expand': False, 'full': False, 'ledger_index': 16, 'owner_funds': False, 'queue': False, 'transactions': True}}, id=None, type=<ResponseType.RESPONSE: 'response'>)",
17,0,False,"Response(status=<ResponseStatus.ERROR: 'error'>, result={'error': 'lgrNotFound', 'error_code': 21, 'error_message': 'ledgerNotFound', 'request': {'accounts': False, 'binary': False, 'command': 'ledger', 'expand': False, 'full': False, 'ledger_index': 17, 'owner_funds': False, 'queue': False, 'transactions': True}}, id=None, type=<ResponseType.RESPONSE: 'response'>)",
17,1,False,"Response(status=<ResponseStatus.ERROR: 'error'>, result={'error': 'lgrNotFound', 'error_code': 21, 'error_message': 'ledgerNotFound', 'request': {'accounts': False, 'binary': False, 'command': 'ledger', 'expand': False, 'full': False, 'ledger_index': 17, 'owner_funds': False, 'queue': False, 'transactions': True}}, id=None, type=<ResponseType.RESPONSE: 'response'>)",
17,2,False,"Response(status=<ResponseStatus.ERROR: 'error'>, result={'error': 'lgrNotFound', 'error_code': 21, 'error_message': 'ledgerNotFound', 'request': {'accounts': False, 'binary': False, 'command': 'ledger', 'expand': False, 'full': False, 'ledger_index': 17, 'owner_funds': False, 'queue': False, 'transactions': True}}, id=None, type=<ResponseType.RESPONSE: 'response'>)",
17,3,False,"Response(status=<ResponseStatus.ERROR: 'error'>, result={'error': 'lgrNotFound', 'error_code': 21, 'error_message': 'ledgerNotFound', 'request': {'accounts': False, 'binary': False, 'command': 'ledger', 'expand': False, 'full': False, 'ledger_index': 17, 'owner_funds': False, 'queue': False, 'transactions': True}}, id=None, type=<ResponseType.RESPONSE: 'response'>)",
17,4,False,"Response(status=<ResponseStatus.ERROR: 'error'>, result={'error': 'lgrNotFound', 'error_code': 21, 'error_message': 'ledgerNotFound', 'request': {'accounts': False, 'binary': False, 'command': 'ledger', 'expand': False, 'full': False, 'ledger_index': 17, 'owner_funds': False, 'queue': False, 'transactions': True}}, id=None, type=<ResponseType.RESPONSE: 'response'>)",
18,0,False,"Response(status=<ResponseStatus.ERROR: 'error'>, result={'error': 'lgrNotFound', 'error_code': 21, 'error_message': 'ledgerNotFound', 'request': {'accounts': False, 'binary': False, 'command': 'ledger', 'expand': False, 'full': False, 'ledger_index': 18, 'owner_funds': False, 'queue': False, 'transactions': True}}, id=None, type=<ResponseType.RESPONSE: 'response'>)",
18,1,False,"Response(status=<ResponseStatus.ERROR: 'error'>, result={'error': 'lgrNotFound', 'error_code': 21, 'error_message': 'ledgerNotFound', 'request': {'accounts': False, 'binary': False, 'command': 'ledger', 'expand': False, 'full': False, 'ledger_index': 18, 'owner_funds': False, 'queue': False, 'transactions': True}}, id=None, type=<ResponseType.RESPONSE: 'response'>)",
18,2,False,"Response(status=<ResponseStatus.ERROR: 'error'>, result={'error': 'lgrNotFound', 'error_code': 21, 'error_message': 'ledgerNotFound', 'request': {'accounts': False, 'binary': False, 'command': 'ledger', 'expand': False, 'full': False, 'ledger_index': 18, 'owner_funds': False, 'queue': False, 'transactions': True}}, id=None, type=<ResponseType.RESPONSE: 'response'>)",
18,3,False,"Response(status=<ResponseStatus.ERROR: 'error'>, result={'error': 'lgrNotFound', 'error_code': 21, 'error_message': 'ledgerNotFound', 'request': {'accounts': False, 'binary': False, 'command': 'ledger', 'expand': False, 'full': False, 'ledger_index': 18, 'owner_funds': False, 'queue': False, 'transactions': True}}, id=None, type=<ResponseType.RESPONSE: 'response'>)",
18,4,False,"Response(status=<ResponseStatus.ERROR: 'error'>, result={'error': 'lgrNotFound', 'error_code': 21, 'error_message': 'ledgerNotFound', 'request': {'accounts': False, 'binary': False, 'command': 'ledger', 'expand': False, 'full': False, 'ledger_index': 18, 'owner_funds': False, 'queue': False, 'transactions': True}}, id=None, type=<ResponseType.RESPONSE: 'response'>)",
19,0,False,"Response(status=<ResponseStatus.ERROR: 'error'>, result={'error': 'lgrNotFound', 'error_code': 21, 'error_message': 'ledgerNotFound', 'request': {'accounts': False, 'binary': False, 'command': 'ledger', 'expand': False, 'full': False, 'ledger_index': 19, 'owner_funds': False, 'queue': False, 'transactions': True}}, id=None, type=<ResponseType.RESPONSE: 'response'>)",
19,1,False,"Response(status=<ResponseStatus.ERROR: 'error'>, result={'error': 'lgrNotFound', 'error_code': 21, 'error_message': 'ledgerNotFound', 'request': {'accounts': False, 'binary': False, 'command': 'ledger', 'expand': False, 'full': False, 'ledger_index': 19, 'owner_funds': False, 'queue': False, 'transactions': True}}, id=None, type=<ResponseType.RESPONSE: 'response'>)",
19,2,False,"Response(status=<ResponseStatus.ERROR: 'error'>, result={'error': 'lgrNotFound', 'error_code': 21, 'error_message': 'ledgerNotFound', 'request': {'accounts': False, 'binary': False, 'command': 'ledger', 'expand': False, 'full': False, 'ledger_index': 19, 'owner_funds': False, 'queue': False, 'transactions': True}}, id=None, type=<ResponseType.RESPONSE: 'response'>)",
19,3,False,"Response(status=<ResponseStatus.ERROR: 'error'>, result={'error': 'lgrNotFound', 'error_code': 21, 'error_message': 'ledgerNotFound', 'request': {'accounts': False, 'binary': False, 'command': 'ledger', 'expand': False, 'full': False, 'ledger_index': 19, 'owner_funds': False, 'queue': False, 'transactions': True}}, id=None, type=<ResponseType.RESPONSE: 'response'>)",
19,4,False,"Response(status=<ResponseStatus.ERROR: 'error'>, result={'error': 'lgrNotFound', 'error_code': 21, 'error_message': 'ledgerNotFound', 'request': {'accounts': False, 'binary': False, 'command': 'ledger', 'expand': False, 'full': False, 'ledger_index': 19, 'owner_funds': False, 'queue': False, 'transactions': True}}, id=None, type=<ResponseType.RESPONSE: 'response'>)",
20,0,False,"Response(status=<ResponseStatus.ERROR: 'error'>, result={'error': 'lgrNotFound', 'error_code': 21, 'error_message': 'ledgerNotFound', 'request': {'accounts': False, 'binary': False, 'command': 'ledger', 'expand': False, 'full': False, 'ledger_index': 20, 'owner_funds': False, 'queue': False, 'transactions': True}}, id=None, type=<ResponseType.RESPONSE: 'response'>)",
20,1,False,"Response(status=<ResponseStatus.ERROR: 'error'>, result={'error': 'lgrNotFound', 'error_code': 21, 'error_message': 'ledgerNotFound', 'request': {'accounts': False, 'binary': False, 'command': 'ledger', 'expand': False, 'full': False, 'ledger_index': 20, 'owner_funds': False, 'queue': False, 'transactions': True}}, id=None, type=<ResponseType.RESPONSE: 'response'>)",
20,2,False,"Response(status=<ResponseStatus.ERROR: 'error'>, result={'error': 'lgrNotFound', 'error_code': 21, 'error_message': 'ledgerNotFound', 'request': {'accounts': False, 'binary': False, 'command': 'ledger', 'expand': False, 'full': False, 'ledger_index': 20, 'owner_funds': False, 'queue': False, 'transactions': True}}, id=None, type=<ResponseType.RESPONSE: 'response'>)",
20,3,False,"Response(status=<ResponseStatus.ERROR: 'error'>, result={'error': 'lgrNotFound', 'error_code': 21, 'error_message': 'ledgerNotFound', 'request': {'accounts': False, 'binary': False, 'command': 'ledger', 'expand': False, 'full': False, 'ledger_index': 20, 'owner_funds': False, 'queue': False, 'transactions': True}}, id=None, type=<ResponseType.RESPONSE: 'response'>)",
20,4,False,"Response(status=<ResponseStatus.ERROR: 'error'>, result={'error': 'lgrNotFound', 'error_code': 21, 'error_message': 'ledgerNotFound', 'request': {'accounts': False, 'binary': False, 'command': 'ledger', 'expand': False, 'full': False, 'ledger_index': 20, 'owner_funds': False, 'queue': False, 'transactions': True}}, id=None, type=<ResponseType.RESPONSE: 'response'>)",
validated-None,0,False,"Response(status=<ResponseStatus.ERROR: 'error'>, result={'error': 'noNetwork', 'error_code': 17, 'error_message': 'InsufficientNetworkMode', 'request': {'accounts': False, 'binary': False, 'command': 'ledger', 'expand': False, 'full': False, 'ledger_index': 'validated', 'owner_funds': False, 'queue': False, 'transactions': True}}, id=None, type=<ResponseType.RESPONSE: 'response'>)",
validated-None,1,False,"Response(status=<ResponseStatus.ERROR: 'error'>, result={'error': 'noNetwork', 'error_code': 17, 'error_message': 'InsufficientNetworkMode', 'request': {'accounts': False, 'binary': False, 'command': 'ledger', 'expand': False, 'full': False, 'ledger_index': 'validated', 'owner_funds': False, 'queue': False, 'transactions': True}}, id=None, type=<ResponseType.RESPONSE: 'response'>)",
validated-None,2,False,"Response(status=<ResponseStatus.ERROR: 'error'>, result={'error': 'noNetwork', 'error_code': 17, 'error_message': 'InsufficientNetworkMode', 'request': {'accounts': False, 'binary': False, 'command': 'ledger', 'expand': False, 'full': False, 'ledger_index': 'validated', 'owner_funds': False, 'queue': False, 'transactions': True}}, id=None, type=<ResponseType.RESPONSE: 'response'>)",
validated-None,3,False,"Response(status=<ResponseStatus.ERROR: 'error'>, result={'error': 'noNetwork', 'error_code': 17, 'error_message': 'InsufficientNetworkMode', 'request': {'accounts': False, 'binary': False, 'command': 'ledger', 'expand': False, 'full': False, 'ledger_index': 'validated', 'owner_funds': False, 'queue': False, 'transactions': True}}, id=None, type=<ResponseType.RESPONSE: 'response'>)",
validated-None,4,False,"Response(status=<ResponseStatus.ERROR: 'error'>, result={'error': 'noNetwork', 'error_code': 17, 'error_message': 'InsufficientNetworkMode', 'request': {'accounts': False, 'binary': False, 'command': 'ledger', 'expand': False, 'full': False, 'ledger_index': 'validated', 'owner_funds': False, 'queue': False, 'transactions': True}}, id=None, type=<ResponseType.RESPONSE: 'response'>)",
