sender_peer_id,receiver_peer_id,tx_hash,next_ledger_seq
1,4,96F060EB9AB4AC45AA03E05D90D59FA7DBBBE74B55B4E47FDA0E6E369A1E1D13,4
1,3,96F060EB9AB4AC45AA03E05D90D59FA7DBBBE74B55B4E47FDA0E6E369A1E1D13,4
1,2,96F060EB9AB4AC45AA03E05D90D59FA7DBBBE74B55B4E47FDA0E6E369A1E1D13,4
1,0,96F060EB9AB4AC45AA03E05D90D59FA7DBBBE74B55B4E47FDA0E6E369A1E1D13,4
3,4,96F060EB9AB4AC45AA03E05D90D59FA7DBBBE74B55B4E47FDA0E6E369A1E1D13,4
3,2,96F060EB9AB4AC45AA03E05D90D59FA7DBBBE74B55B4E47FDA0E6E369A1E1D13,4
3,0,96F060EB9AB4AC45AA03E05D90D59FA7DBBBE74B55B4E47FDA0E6E369A1E1D13,4
2,3,96F060EB9AB4AC45AA03E05D90D59FA7DBBBE74B55B4E47FDA0E6E369A1E1D13,4
2,4,96F060EB9AB4AC45AA03E05D90D59FA7DBBBE74B55B4E47FDA0E6E369A1E1D13,4
2,0,96F060EB9AB4AC45AA03E05D90D59FA7DBBBE74B55B4E47FDA0E6E369A1E1D13,4
0,3,96F060EB9AB4AC45AA03E05D90D59FA7DBBBE74B55B4E47FDA0E6E369A1E1D13,4
0,2,96F060EB9AB4AC45AA03E05D90D59FA7DBBBE74B55B4E47FDA0E6E369A1E1D13,4
0,4,96F060EB9AB4AC45AA03E05D90D59FA7DBBBE74B55B4E47FDA0E6E369A1E1D13,4
4,3,96F060EB9AB4AC45AA03E05D90D59FA7DBBBE74B55B4E47FDA0E6E369A1E1D13,4
4,1,96F060EB9AB4AC45AA03E05D90D59FA7DBBBE74B55B4E47FDA0E6E369A1E1D13,4
4,0,96F060EB9AB4AC45AA03E05D90D59FA7DBBBE74B55B4E47FDA0E6E369A1E1D13,4
1,4,E48A34939369EFA2B216158A408ACCDDA39339F06970523A705D78E418ACBF63,4
1,2,E48A34939369EFA2B216158A408ACCDDA39339F06970523A705D78E418ACBF63,4
1,3,E48A34939369EFA2B216158A408ACCDDA39339F06970523A705D78E418ACBF63,4
1,0,E48A34939369EFA2B216158A408ACCDDA39339F06970523A705D78E418ACBF63,4
3,0,E48A34939369EFA2B216158A408ACCDDA39339F06970523A705D78E418ACBF63,4
3,4,E48A34939369EFA2B216158A408ACCDDA39339F06970523A705D78E418ACBF63,4
3,2,E48A34939369EFA2B216158A408ACCDDA39339F06970523A705D78E418ACBF63,4
2,4,E48A34939369EFA2B216158A408ACCDDA39339F06970523A705D78E418ACBF63,4
2,3,E48A34939369EFA2B216158A408ACCDDA39339F06970523A705D78E418ACBF63,4
2,0,E48A34939369EFA2B216158A408ACCDDA39339F06970523A705D78E418ACBF63,4
0,3,E48A34939369EFA2B216158A408ACCDDA39339F06970523A705D78E418ACBF63,4
0,4,E48A34939369EFA2B216158A408ACCDDA39339F06970523A705D78E418ACBF63,4
0,2,E48A34939369EFA2B216158A408ACCDDA39339F06970523A705D78E418ACBF63,4
1,4,4C30CC04EE7AFEA2AE2DE71053A8519EBABA0DA9735C74385F8592E2CD7F356D,4
1,3,4C30CC04EE7AFEA2AE2DE71053A8519EBABA0DA9735C74385F8592E2CD7F356D,4
1,2,4C30CC04EE7AFEA2AE2DE71053A8519EBABA0DA9735C74385F8592E2CD7F356D,4
1,0,4C30CC04EE7AFEA2AE2DE71053A8519EBABA0DA9735C74385F8592E2CD7F356D,4
4,3,E48A34939369EFA2B216158A408ACCDDA39339F06970523A705D78E418ACBF63,4
4,1,E48A34939369EFA2B216158A408ACCDDA39339F06970523A705D78E418ACBF63,4
4,0,E48A34939369EFA2B216158A408ACCDDA39339F06970523A705D78E418ACBF63,4
3,4,4C30CC04EE7AFEA2AE2DE71053A8519EBABA0DA9735C74385F8592E2CD7F356D,4
3,0,4C30CC04EE7AFEA2AE2DE71053A8519EBABA0DA9735C74385F8592E2CD7F356D,4
3,2,4C30CC04EE7AFEA2AE2DE71053A8519EBABA0DA9735C74385F8592E2CD7F356D,4
2,4,4C30CC04EE7AFEA2AE2DE71053A8519EBABA0DA9735C74385F8592E2CD7F356D,4
2,0,4C30CC04EE7AFEA2AE2DE71053A8519EBABA0DA9735C74385F8592E2CD7F356D,4
2,3,4C30CC04EE7AFEA2AE2DE71053A8519EBABA0DA9735C74385F8592E2CD7F356D,4
0,4,4C30CC04EE7AFEA2AE2DE71053A8519EBABA0DA9735C74385F8592E2CD7F356D,4
0,3,4C30CC04EE7AFEA2AE2DE71053A8519EBABA0DA9735C74385F8592E2CD7F356D,4
0,2,4C30CC04EE7AFEA2AE2DE71053A8519EBABA0DA9735C74385F8592E2CD7F356D,4
4,1,4C30CC04EE7AFEA2AE2DE71053A8519EBABA0DA9735C74385F8592E2CD7F356D,4
4,3,4C30CC04EE7AFEA2AE2DE71053A8519EBABA0DA9735C74385F8592E2CD7F356D,4
4,0,4C30CC04EE7AFEA2AE2DE71053A8519EBABA0DA9735C74385F8592E2CD7F356D,4
2,4,FD63C3A4A40C5C423D7BEB8FDF6B227CB7C9D6D5CEDA491212E70E9A8BCAA433,6
2,3,FD63C3A4A40C5C423D7BEB8FDF6B227CB7C9D6D5CEDA491212E70E9A8BCAA433,6
2,0,FD63C3A4A40C5C423D7BEB8FDF6B227CB7C9D6D5CEDA491212E70E9A8BCAA433,6
2,1,FD63C3A4A40C5C423D7BEB8FDF6B227CB7C9D6D5CEDA491212E70E9A8BCAA433,6
0,4,760771E8E6A053D12D2661990C210FC906791558FEF4DD78E22003BDF2C58E23,6
0,2,760771E8E6A053D12D2661990C210FC906791558FEF4DD78E22003BDF2C58E23,6
0,3,760771E8E6A053D12D2661990C210FC906791558FEF4DD78E22003BDF2C58E23,6
0,1,760771E8E6A053D12D2661990C210FC906791558FEF4DD78E22003BDF2C58E23,6
1,2,AFBDAE1FA053CDB478FA0FBF21CFD398D04BC75D7A8B8CB55A29F2BD21F71242,6
1,4,AFBDAE1FA053CDB478FA0FBF21CFD398D04BC75D7A8B8CB55A29F2BD21F71242,6
1,0,AFBDAE1FA053CDB478FA0FBF21CFD398D04BC75D7A8B8CB55A29F2BD21F71242,6
1,3,AFBDAE1FA053CDB478FA0FBF21CFD398D04BC75D7A8B8CB55A29F2BD21F71242,6
3,2,C9B6D7D89D491F1E429CA8FB80412C74D06DD270C34BEA64D493D172476AD769,6
3,4,C9B6D7D89D491F1E429CA8FB80412C74D06DD270C34BEA64D493D172476AD769,6
3,1,C9B6D7D89D491F1E429CA8FB80412C74D06DD270C34BEA64D493D172476AD769,6
3,0,C9B6D7D89D491F1E429CA8FB80412C74D06DD270C34BEA64D493D172476AD769,6
4,1,FD63C3A4A40C5C423D7BEB8FDF6B227CB7C9D6D5CEDA491212E70E9A8BCAA433,6
4,0,FD63C3A4A40C5C423D7BEB8FDF6B227CB7C9D6D5CEDA491212E70E9A8BCAA433,6
4,3,FD63C3A4A40C5C423D7BEB8FDF6B227CB7C9D6D5CEDA491212E70E9A8BCAA433,6
0,2,FD63C3A4A40C5C423D7BEB8FDF6B227CB7C9D6D5CEDA491212E70E9A8BCAA433,7
0,4,FD63C3A4A40C5C423D7BEB8FDF6B227CB7C9D6D5CEDA491212E70E9A8BCAA433,7
0,1,FD63C3A4A40C5C423D7BEB8FDF6B227CB7C9D6D5CEDA491212E70E9A8BCAA433,7
0,3,FD63C3A4A40C5C423D7BEB8FDF6B227CB7C9D6D5CEDA491212E70E9A8BCAA433,7
3,2,FD63C3A4A40C5C423D7BEB8FDF6B227CB7C9D6D5CEDA491212E70E9A8BCAA433,7
3,0,FD63C3A4A40C5C423D7BEB8FDF6B227CB7C9D6D5CEDA491212E70E9A8BCAA433,7
3,4,FD63C3A4A40C5C423D7BEB8FDF6B227CB7C9D6D5CEDA491212E70E9A8BCAA433,7
3,1,FD63C3A4A40C5C423D7BEB8FDF6B227CB7C9D6D5CEDA491212E70E9A8BCAA433,7
1,0,FD63C3A4A40C5C423D7BEB8FDF6B227CB7C9D6D5CEDA491212E70E9A8BCAA433,7
1,2,FD63C3A4A40C5C423D7BEB8FDF6B227CB7C9D6D5CEDA491212E70E9A8BCAA433,7
1,3,FD63C3A4A40C5C423D7BEB8FDF6B227CB7C9D6D5CEDA491212E70E9A8BCAA433,7
1,4,FD63C3A4A40C5C423D7BEB8FDF6B227CB7C9D6D5CEDA491212E70E9A8BCAA433,7
