timestamp,timestamp_sent,action,send_amount,from_node_id,to_node_id,message_type,original_data,possibly_mutated_data
1750541422822,1750541422823,1712,1,1,0,TMStatusChange,"newEvent: neCLOSING_LEDGER; ledgerSeq: 1; ledgerHash: ""-}\351f\032\255\274\334m\326c\017\014ao[\342\230\003\245\245\3341Hm\326^\017jy\335\261""; ledgerHashPrevious: ""\000\000\000\000\000\000\000\000\000\000\000\000\000\000\000\000\000\000\000\000\000\000\000\000\000\000\000\000\000\000\000\000""; networkTime: 803856622; firstSeq: 1; lastSeq: 1; ","newEvent: neCLOSING_LEDGER; ledgerSeq: 1; ledgerHash: ""-}\351f\032\255\274\334m\326c\017\014ao[\342\230\003\245\245\3341Hm\326^\017jy\335\261""; ledgerHashPrevious: ""\000\000\000\000\000\000\000\000\000\000\000\000\000\000\000\000\000\000\000\000\000\000\000\000\000\000\000\000\000\000\000\000""; networkTime: 803856622; firstSeq: 1; lastSeq: 1; "
1750541422823,1750541422823,161,1,1,3,TMStatusChange,"newEvent: neCLOSING_LEDGER; ledgerSeq: 1; ledgerHash: ""-}\351f\032\255\274\334m\326c\017\014ao[\342\230\003\245\245\3341Hm\326^\017jy\335\261""; ledgerHashPrevious: ""\000\000\000\000\000\000\000\000\000\000\000\000\000\000\000\000\000\000\000\000\000\000\000\000\000\000\000\000\000\000\000\000""; networkTime: 803856622; firstSeq: 1; lastSeq: 1; ","newEvent: neCLOSING_LEDGER; ledgerSeq: 1; ledgerHash: ""-}\351f\032\255\274\334m\326c\017\014ao[\342\230\003\245\245\3341Hm\326^\017jy\335\261""; ledgerHashPrevious: ""\000\000\000\000\000\000\000\000\000\000\000\000\000\000\000\000\000\000\000\000\000\000\000\000\000\000\000\000\000\000\000\000""; networkTime: 803856622; firstSeq: 1; lastSeq: 1; "
1750541422824,1750541422824,2643,1,1,4,TMStatusChange,"newEvent: neCLOSING_LEDGER; ledgerSeq: 1; ledgerHash: ""-}\351f\032\255\274\334m\326c\017\014ao[\342\230\003\245\245\3341Hm\326^\017jy\335\261""; ledgerHashPrevious: ""\000\000\000\000\000\000\000\000\000\000\000\000\000\000\000\000\000\000\000\000\000\000\000\000\000\000\000\000\000\000\000\000""; networkTime: 803856622; firstSeq: 1; lastSeq: 1; ","newEvent: neCLOSING_LEDGER; ledgerSeq: 1; ledgerHash: ""-}\351f\032\255\274\334m\326c\017\014ao[\342\230\003\245\245\3341Hm\326^\017jy\335\261""; ledgerHashPrevious: ""\000\000\000\000\000\000\000\000\000\000\000\000\000\000\000\000\000\000\000\000\000\000\000\000\000\000\000\000\000\000\000\000""; networkTime: 803856622; firstSeq: 1; lastSeq: 1; "
1750541422825,1750541422825,1158,1,1,2,TMStatusChange,"newEvent: neCLOSING_LEDGER; ledgerSeq: 1; ledgerHash: ""-}\351f\032\255\274\334m\326c\017\014ao[\342\230\003\245\245\3341Hm\326^\017jy\335\261""; ledgerHashPrevious: ""\000\000\000\000\000\000\000\000\000\000\000\000\000\000\000\000\000\000\000\000\000\000\000\000\000\000\000\000\000\000\000\000""; networkTime: 803856622; firstSeq: 1; lastSeq: 1; ","newEvent: neCLOSING_LEDGER; ledgerSeq: 1; ledgerHash: ""-}\351f\032\255\274\334m\326c\017\014ao[\342\230\003\245\245\3341Hm\326^\017jy\335\261""; ledgerHashPrevious: ""\000\000\000\000\000\000\000\000\000\000\000\000\000\000\000\000\000\000\000\000\000\000\000\000\000\000\000\000\000\000\000\000""; networkTime: 803856622; firstSeq: 1; lastSeq: 1; "
1750541422825,1750541422825,2474,1,4,1,TMStatusChange,"newEvent: neCLOSING_LEDGER; ledgerSeq: 1; ledgerHash: ""-}\351f\032\255\274\334m\326c\017\014ao[\342\230\003\245\245\3341Hm\326^\017jy\335\261""; ledgerHashPrevious: ""\000\000\000\000\000\000\000\000\000\000\000\000\000\000\000\000\000\000\000\000\000\000\000\000\000\000\000\000\000\000\000\000""; networkTime: 803856622; firstSeq: 1; lastSeq: 1; ","newEvent: neCLOSING_LEDGER; ledgerSeq: 1; ledgerHash: ""-}\351f\032\255\274\334m\326c\017\014ao[\342\230\003\245\245\3341Hm\326^\017jy\335\261""; ledgerHashPrevious: ""\000\000\000\000\000\000\000\000\000\000\000\000\000\000\000\000\000\000\000\000\000\000\000\000\000\000\000\000\000\000\000\000""; networkTime: 803856622; firstSeq: 1; lastSeq: 1; "
1750541422827,1750541422827,0,1,4,1,TMEndpoints,version: 2; ,version: 2; 
1750541422826,1750541422826,3529,1,4,0,TMStatusChange,"newEvent: neCLOSING_LEDGER; ledgerSeq: 1; ledgerHash: ""-}\351f\032\255\274\334m\326c\017\014ao[\342\230\003\245\245\3341Hm\326^\017jy\335\261""; ledgerHashPrevious: ""\000\000\000\000\000\000\000\000\000\000\000\000\000\000\000\000\000\000\000\000\000\000\000\000\000\000\000\000\000\000\000\000""; networkTime: 803856622; firstSeq: 1; lastSeq: 1; ","newEvent: neCLOSING_LEDGER; ledgerSeq: 1; ledgerHash: ""-}\351f\032\255\274\334m\326c\017\014ao[\342\230\003\245\245\3341Hm\326^\017jy\335\261""; ledgerHashPrevious: ""\000\000\000\000\000\000\000\000\000\000\000\000\000\000\000\000\000\000\000\000\000\000\000\000\000\000\000\000\000\000\000\000""; networkTime: 803856622; firstSeq: 1; lastSeq: 1; "
1750541422827,1750541422827,0,1,4,0,TMEndpoints,version: 2; ,version: 2; 
1750541422828,1750541422828,1025,1,4,2,TMStatusChange,"newEvent: neCLOSING_LEDGER; ledgerSeq: 1; ledgerHash: ""-}\351f\032\255\274\334m\326c\017\014ao[\342\230\003\245\245\3341Hm\326^\017jy\335\261""; ledgerHashPrevious: ""\000\000\000\000\000\000\000\000\000\000\000\000\000\000\000\000\000\000\000\000\000\000\000\000\000\000\000\000\000\000\000\000""; networkTime: 803856622; firstSeq: 1; lastSeq: 1; ","newEvent: neCLOSING_LEDGER; ledgerSeq: 1; ledgerHash: ""-}\351f\032\255\274\334m\326c\017\014ao[\342\230\003\245\245\3341Hm\326^\017jy\335\261""; ledgerHashPrevious: ""\000\000\000\000\000\000\000\000\000\000\000\000\000\000\000\000\000\000\000\000\000\000\000\000\000\000\000\000\000\000\000\000""; networkTime: 803856622; firstSeq: 1; lastSeq: 1; "
1750541422828,1750541422828,0,1,4,2,TMEndpoints,version: 2; ,version: 2; 
1750541422997,1750541422997,3415,1,0,3,TMStatusChange,"newEvent: neCLOSING_LEDGER; ledgerSeq: 1; ledgerHash: ""-}\351f\032\255\274\334m\326c\017\014ao[\342\230\003\245\245\3341Hm\326^\017jy\335\261""; ledgerHashPrevious: ""\000\000\000\000\000\000\000\000\000\000\000\000\000\000\000\000\000\000\000\000\000\000\000\000\000\000\000\000\000\000\000\000""; networkTime: 803856622; firstSeq: 1; lastSeq: 1; ","newEvent: neCLOSING_LEDGER; ledgerSeq: 1; ledgerHash: ""-}\351f\032\255\274\334m\326c\017\014ao[\342\230\003\245\245\3341Hm\326^\017jy\335\261""; ledgerHashPrevious: ""\000\000\000\000\000\000\000\000\000\000\000\000\000\000\000\000\000\000\000\000\000\000\000\000\000\000\000\000\000\000\000\000""; networkTime: 803856622; firstSeq: 1; lastSeq: 1; "
1750541422997,1750541422997,3327,1,0,4,TMStatusChange,"newEvent: neCLOSING_LEDGER; ledgerSeq: 1; ledgerHash: ""-}\351f\032\255\274\334m\326c\017\014ao[\342\230\003\245\245\3341Hm\326^\017jy\335\261""; ledgerHashPrevious: ""\000\000\000\000\000\000\000\000\000\000\000\000\000\000\000\000\000\000\000\000\000\000\000\000\000\000\000\000\000\000\000\000""; networkTime: 803856622; firstSeq: 1; lastSeq: 1; ","newEvent: neCLOSING_LEDGER; ledgerSeq: 1; ledgerHash: ""-}\351f\032\255\274\334m\326c\017\014ao[\342\230\003\245\245\3341Hm\326^\017jy\335\261""; ledgerHashPrevious: ""\000\000\000\000\000\000\000\000\000\000\000\000\000\000\000\000\000\000\000\000\000\000\000\000\000\000\000\000\000\000\000\000""; networkTime: 803856622; firstSeq: 1; lastSeq: 1; "
1750541422998,1750541422998,2017,1,0,2,TMStatusChange,"newEvent: neCLOSING_LEDGER; ledgerSeq: 1; ledgerHash: ""-}\351f\032\255\274\334m\326c\017\014ao[\342\230\003\245\245\3341Hm\326^\017jy\335\261""; ledgerHashPrevious: ""\000\000\000\000\000\000\000\000\000\000\000\000\000\000\000\000\000\000\000\000\000\000\000\000\000\000\000\000\000\000\000\000""; networkTime: 803856622; firstSeq: 1; lastSeq: 1; ","newEvent: neCLOSING_LEDGER; ledgerSeq: 1; ledgerHash: ""-}\351f\032\255\274\334m\326c\017\014ao[\342\230\003\245\245\3341Hm\326^\017jy\335\261""; ledgerHashPrevious: ""\000\000\000\000\000\000\000\000\000\000\000\000\000\000\000\000\000\000\000\000\000\000\000\000\000\000\000\000\000\000\000\000""; networkTime: 803856622; firstSeq: 1; lastSeq: 1; "
1750541422998,1750541422998,1397,1,0,1,TMStatusChange,"newEvent: neCLOSING_LEDGER; ledgerSeq: 1; ledgerHash: ""-}\351f\032\255\274\334m\326c\017\014ao[\342\230\003\245\245\3341Hm\326^\017jy\335\261""; ledgerHashPrevious: ""\000\000\000\000\000\000\000\000\000\000\000\000\000\000\000\000\000\000\000\000\000\000\000\000\000\000\000\000\000\000\000\000""; networkTime: 803856622; firstSeq: 1; lastSeq: 1; ","newEvent: neCLOSING_LEDGER; ledgerSeq: 1; ledgerHash: ""-}\351f\032\255\274\334m\326c\017\014ao[\342\230\003\245\245\3341Hm\326^\017jy\335\261""; ledgerHashPrevious: ""\000\000\000\000\000\000\000\000\000\000\000\000\000\000\000\000\000\000\000\000\000\000\000\000\000\000\000\000\000\000\000\000""; networkTime: 803856622; firstSeq: 1; lastSeq: 1; "
1750541423081,1750541423081,391,1,3,4,TMStatusChange,"newEvent: neCLOSING_LEDGER; ledgerSeq: 1; ledgerHash: ""-}\351f\032\255\274\334m\326c\017\014ao[\342\230\003\245\245\3341Hm\326^\017jy\335\261""; ledgerHashPrevious: ""\000\000\000\000\000\000\000\000\000\000\000\000\000\000\000\000\000\000\000\000\000\000\000\000\000\000\000\000\000\000\000\000""; networkTime: 803856623; firstSeq: 1; lastSeq: 1; ","newEvent: neCLOSING_LEDGER; ledgerSeq: 1; ledgerHash: ""-}\351f\032\255\274\334m\326c\017\014ao[\342\230\003\245\245\3341Hm\326^\017jy\335\261""; ledgerHashPrevious: ""\000\000\000\000\000\000\000\000\000\000\000\000\000\000\000\000\000\000\000\000\000\000\000\000\000\000\000\000\000\000\000\000""; networkTime: 803856623; firstSeq: 1; lastSeq: 1; "
1750541423082,1750541423082,3059,1,3,2,TMStatusChange,"newEvent: neCLOSING_LEDGER; ledgerSeq: 1; ledgerHash: ""-}\351f\032\255\274\334m\326c\017\014ao[\342\230\003\245\245\3341Hm\326^\017jy\335\261""; ledgerHashPrevious: ""\000\000\000\000\000\000\000\000\000\000\000\000\000\000\000\000\000\000\000\000\000\000\000\000\000\000\000\000\000\000\000\000""; networkTime: 803856623; firstSeq: 1; lastSeq: 1; ","newEvent: neCLOSING_LEDGER; ledgerSeq: 1; ledgerHash: ""-}\351f\032\255\274\334m\326c\017\014ao[\342\230\003\245\245\3341Hm\326^\017jy\335\261""; ledgerHashPrevious: ""\000\000\000\000\000\000\000\000\000\000\000\000\000\000\000\000\000\000\000\000\000\000\000\000\000\000\000\000\000\000\000\000""; networkTime: 803856623; firstSeq: 1; lastSeq: 1; "
1750541423083,1750541423083,1356,1,3,0,TMStatusChange,"newEvent: neCLOSING_LEDGER; ledgerSeq: 1; ledgerHash: ""-}\351f\032\255\274\334m\326c\017\014ao[\342\230\003\245\245\3341Hm\326^\017jy\335\261""; ledgerHashPrevious: ""\000\000\000\000\000\000\000\000\000\000\000\000\000\000\000\000\000\000\000\000\000\000\000\000\000\000\000\000\000\000\000\000""; networkTime: 803856623; firstSeq: 1; lastSeq: 1; ","newEvent: neCLOSING_LEDGER; ledgerSeq: 1; ledgerHash: ""-}\351f\032\255\274\334m\326c\017\014ao[\342\230\003\245\245\3341Hm\326^\017jy\335\261""; ledgerHashPrevious: ""\000\000\000\000\000\000\000\000\000\000\000\000\000\000\000\000\000\000\000\000\000\000\000\000\000\000\000\000\000\000\000\000""; networkTime: 803856623; firstSeq: 1; lastSeq: 1; "
1750541423083,1750541423083,349,1,3,1,TMStatusChange,"newEvent: neCLOSING_LEDGER; ledgerSeq: 1; ledgerHash: ""-}\351f\032\255\274\334m\326c\017\014ao[\342\230\003\245\245\3341Hm\326^\017jy\335\261""; ledgerHashPrevious: ""\000\000\000\000\000\000\000\000\000\000\000\000\000\000\000\000\000\000\000\000\000\000\000\000\000\000\000\000\000\000\000\000""; networkTime: 803856623; firstSeq: 1; lastSeq: 1; ","newEvent: neCLOSING_LEDGER; ledgerSeq: 1; ledgerHash: ""-}\351f\032\255\274\334m\326c\017\014ao[\342\230\003\245\245\3341Hm\326^\017jy\335\261""; ledgerHashPrevious: ""\000\000\000\000\000\000\000\000\000\000\000\000\000\000\000\000\000\000\000\000\000\000\000\000\000\000\000\000\000\000\000\000""; networkTime: 803856623; firstSeq: 1; lastSeq: 1; "
1750541423193,1750541423194,3487,1,2,3,TMStatusChange,"newEvent: neCLOSING_LEDGER; ledgerSeq: 1; ledgerHash: ""-}\351f\032\255\274\334m\326c\017\014ao[\342\230\003\245\245\3341Hm\326^\017jy\335\261""; ledgerHashPrevious: ""\000\000\000\000\000\000\000\000\000\000\000\000\000\000\000\000\000\000\000\000\000\000\000\000\000\000\000\000\000\000\000\000""; networkTime: 803856623; firstSeq: 1; lastSeq: 1; ","newEvent: neCLOSING_LEDGER; ledgerSeq: 1; ledgerHash: ""-}\351f\032\255\274\334m\326c\017\014ao[\342\230\003\245\245\3341Hm\326^\017jy\335\261""; ledgerHashPrevious: ""\000\000\000\000\000\000\000\000\000\000\000\000\000\000\000\000\000\000\000\000\000\000\000\000\000\000\000\000\000\000\000\000""; networkTime: 803856623; firstSeq: 1; lastSeq: 1; "
1750541423194,1750541423194,1827,1,2,4,TMStatusChange,"newEvent: neCLOSING_LEDGER; ledgerSeq: 1; ledgerHash: ""-}\351f\032\255\274\334m\326c\017\014ao[\342\230\003\245\245\3341Hm\326^\017jy\335\261""; ledgerHashPrevious: ""\000\000\000\000\000\000\000\000\000\000\000\000\000\000\000\000\000\000\000\000\000\000\000\000\000\000\000\000\000\000\000\000""; networkTime: 803856623; firstSeq: 1; lastSeq: 1; ","newEvent: neCLOSING_LEDGER; ledgerSeq: 1; ledgerHash: ""-}\351f\032\255\274\334m\326c\017\014ao[\342\230\003\245\245\3341Hm\326^\017jy\335\261""; ledgerHashPrevious: ""\000\000\000\000\000\000\000\000\000\000\000\000\000\000\000\000\000\000\000\000\000\000\000\000\000\000\000\000\000\000\000\000""; networkTime: 803856623; firstSeq: 1; lastSeq: 1; "
1750541423194,1750541423194,1721,1,2,0,TMStatusChange,"newEvent: neCLOSING_LEDGER; ledgerSeq: 1; ledgerHash: ""-}\351f\032\255\274\334m\326c\017\014ao[\342\230\003\245\245\3341Hm\326^\017jy\335\261""; ledgerHashPrevious: ""\000\000\000\000\000\000\000\000\000\000\000\000\000\000\000\000\000\000\000\000\000\000\000\000\000\000\000\000\000\000\000\000""; networkTime: 803856623; firstSeq: 1; lastSeq: 1; ","newEvent: neCLOSING_LEDGER; ledgerSeq: 1; ledgerHash: ""-}\351f\032\255\274\334m\326c\017\014ao[\342\230\003\245\245\3341Hm\326^\017jy\335\261""; ledgerHashPrevious: ""\000\000\000\000\000\000\000\000\000\000\000\000\000\000\000\000\000\000\000\000\000\000\000\000\000\000\000\000\000\000\000\000""; networkTime: 803856623; firstSeq: 1; lastSeq: 1; "
1750541423195,1750541423195,556,1,2,1,TMStatusChange,"newEvent: neCLOSING_LEDGER; ledgerSeq: 1; ledgerHash: ""-}\351f\032\255\274\334m\326c\017\014ao[\342\230\003\245\245\3341Hm\326^\017jy\335\261""; ledgerHashPrevious: ""\000\000\000\000\000\000\000\000\000\000\000\000\000\000\000\000\000\000\000\000\000\000\000\000\000\000\000\000\000\000\000\000""; networkTime: 803856623; firstSeq: 1; lastSeq: 1; ","newEvent: neCLOSING_LEDGER; ledgerSeq: 1; ledgerHash: ""-}\351f\032\255\274\334m\326c\017\014ao[\342\230\003\245\245\3341Hm\326^\017jy\335\261""; ledgerHashPrevious: ""\000\000\000\000\000\000\000\000\000\000\000\000\000\000\000\000\000\000\000\000\000\000\000\000\000\000\000\000\000\000\000\000""; networkTime: 803856623; firstSeq: 1; lastSeq: 1; "
